{"loss": [5.993885517120361, 4.064547538757324, 3.639564037322998, 3.3646624088287354, 3.0569498538970947, 2.6363627910614014, 2.419689416885376, 2.1521432399749756, 1.8005191087722778, 1.5833110809326172, 1.3338102102279663, 1.0566073656082153, 0.9228852987289429, 0.8038156628608704, 0.7041863203048706, 0.5247726440429688, 0.5446552038192749, 0.46678391098976135, 0.441634863615036, 0.351596474647522, 0.38254234194755554, 0.3757365942001343, 0.28884056210517883, 0.24503013491630554, 0.1639523208141327, 0.18635906279087067, 0.18876416981220245, 0.18283343315124512, 0.1969270408153534, 0.18693062663078308, 0.16410639882087708, 0.13258075714111328, 0.16735070943832397, 0.13323281705379486, 0.12401801347732544, 0.11166412383317947, 0.09713046997785568, 0.08592863380908966, 0.08467122167348862, 0.0994967594742775, 0.08584736287593842, 0.07256957143545151, 0.07092971354722977, 0.09109626710414886, 0.07218325883150101, 0.05996686592698097, 0.05321376025676727, 0.08634170144796371, 0.050864338874816895, 0.05560113862156868, 0.05617484077811241, 0.05321129783987999, 0.06681910902261734, 0.08275362849235535, 0.07868373394012451, 0.06320010125637054, 0.04722830280661583, 0.034475866705179214, 0.05320713669061661, 0.08779891580343246, 0.053058791905641556, 0.06973299384117126, 0.05112351477146149, 0.07254527509212494, 0.046460483223199844, 0.046376604586839676, 0.05123268812894821, 0.06512250006198883, 0.061427198350429535, 0.05496402829885483, 0.04936205968260765, 0.04938782751560211, 0.03926349803805351, 0.05435926467180252, 0.07234809547662735, 0.03636304289102554, 0.03654365614056587, 0.034595295786857605, 0.052658211439847946, 0.03492511436343193, 0.036102887243032455, 0.06980407983064651, 0.032329194247722626, 0.04345664009451866, 0.027263794094324112, 0.02899232879281044, 0.03023236058652401, 0.025054791942238808, 0.042972683906555176, 0.02835085615515709, 0.02307441644370556, 0.024283461272716522, 0.0282034520059824, 0.038916490972042084, 0.02138197422027588, 0.037942074239254, 0.03787112236022949, 0.03785785287618637, 0.03538232296705246, 0.021908970549702644], "accuracy": [0.03140096738934517, 0.07246376574039459, 0.14251208305358887, 0.19565217196941376, 0.27053138613700867, 0.3188405930995941, 0.3888888955116272, 0.43478259444236755, 0.5193236470222473, 0.5531401038169861, 0.6473429799079895, 0.7415459156036377, 0.770531415939331, 0.7971014380455017, 0.8212560415267944, 0.8671497702598572, 0.8526570200920105, 0.8864734172821045, 0.8937197923660278, 0.9275362491607666, 0.8985507488250732, 0.9057971239089966, 0.9275362491607666, 0.9371980428695679, 0.9710144996643066, 0.9637681245803833, 0.9468598961830139, 0.9492753744125366, 0.9420289993286133, 0.9589372277259827, 0.966183602809906, 0.9710144996643066, 0.95652174949646, 0.9685990214347839, 0.9589372277259827, 0.987922728061676, 0.9758453965187073, 0.987922728061676, 0.97826087474823, 0.9734299778938293, 0.9830917716026306, 0.9806763529777527, 0.9855072498321533, 0.9758453965187073, 0.9855072498321533, 0.9830917716026306, 0.9927536249160767, 0.9734299778938293, 0.990338146686554, 0.990338146686554, 0.990338146686554, 0.987922728061676, 0.9806763529777527, 0.97826087474823, 0.9758453965187073, 0.9830917716026306, 0.9927536249160767, 0.9927536249160767, 0.9855072498321533, 0.9758453965187073, 0.990338146686554, 0.9806763529777527, 0.987922728061676, 0.9830917716026306, 0.987922728061676, 0.987922728061676, 0.990338146686554, 0.9855072498321533, 0.97826087474823, 0.990338146686554, 0.990338146686554, 0.987922728061676, 0.990338146686554, 0.9830917716026306, 0.9758453965187073, 0.9927536249160767, 0.9927536249160767, 0.9927536249160767, 0.9855072498321533, 0.987922728061676, 0.987922728061676, 0.9830917716026306, 0.990338146686554, 0.990338146686554, 0.9975845217704773, 0.9975845217704773, 0.9927536249160767, 0.9951691031455994, 0.987922728061676, 0.990338146686554, 1.0, 0.9927536249160767, 0.990338146686554, 0.987922728061676, 0.9951691031455994, 0.987922728061676, 0.990338146686554, 0.987922728061676, 0.987922728061676, 0.9927536249160767], "val_loss": [17.475160598754883, 14.352783203125, 9.198424339294434, 6.498337268829346, 5.144792079925537, 4.6579718589782715, 4.371315956115723, 4.164778232574463, 4.093457221984863, 3.998213529586792, 3.8820078372955322, 3.6433072090148926, 3.374082088470459, 3.2987403869628906, 3.061584711074829, 2.7488608360290527, 2.397698163986206, 2.035587787628174, 1.7683765888214111, 1.5563716888427734, 1.3522365093231201, 1.0672495365142822, 1.067122220993042, 0.9330583810806274, 0.8871581554412842, 0.7318625450134277, 0.6316448450088501, 0.6241568326950073, 0.6140519976615906, 0.568393886089325, 0.5152769088745117, 0.3998405635356903, 0.3661247491836548, 0.4145873188972473, 0.41686657071113586, 0.43734803795814514, 0.42274051904678345, 0.41484230756759644, 0.38920485973358154, 0.3817853033542633, 0.4007854163646698, 0.3464857041835785, 0.34655964374542236, 0.3088323175907135, 0.2943275570869446, 0.24327892065048218, 0.2782835066318512, 0.3372984826564789, 0.3544609546661377, 0.32548415660858154, 0.3012460768222809, 0.31897708773612976, 0.29123491048812866, 0.3541187345981598, 0.3847437798976898, 0.3491624593734741, 0.35699397325515747, 0.3357517421245575, 0.2855265736579895, 0.2479008138179779, 0.35949021577835083, 0.3863910436630249, 0.3394845128059387, 0.312785267829895, 0.4056020975112915, 0.19845373928546906, 0.2526978850364685, 0.3427742123603821, 0.3343542814254761, 0.3278012275695801, 0.2648419439792633, 0.28849127888679504, 0.3688433766365051, 0.275739461183548, 0.28253039717674255, 0.2742146849632263, 0.30505165457725525, 0.2810112535953522, 0.3443574607372284, 0.20103730261325836, 0.14419253170490265, 0.2496418058872223, 0.2520288825035095, 0.25528305768966675, 0.23483987152576447, 0.2425411343574524, 0.18597771227359772, 0.1691100299358368, 0.1640692800283432, 0.12825071811676025, 0.18202663958072662, 0.1770055741071701, 0.1855236291885376, 0.12416383624076843, 0.17605900764465332, 0.2627544403076172, 0.2723940908908844, 0.3509998321533203, 0.2895607054233551, 0.28257206082344055],